alias gordon Gordon Parker <ggparker@mtu.edu>
alias raymond Raymond Shaw <rashaw@mtu.edu>
alias sarah Sarah West <countrygirlsjk@gmail.com>
alias jake Jacob Chalut <nintendopower454@gmail.com>
alias harsha Harsha Surenhalli <hssurenh@mtu.edu>
alias kiran Kiran Premchand <kcpremch@mtu.edu>
